Tier ,Country
Tier 1,Australia
Tier 1,Canada
Tier 1,France
Tier 1,Germany
Tier 1,Italy
Tier 1,Spain
Tier 1,United Kingdom
Tier 1,United States
Tier 2,Austria
Tier 2,Belgium
Tier 2,Croatia
Tier 2,Cyprus
Tier 2,Czechia
Tier 2,Denmark
Tier 2,Estonia
Tier 2,Faroe Islands
Tier 2,Finland
Tier 2,Greece
Tier 2,Hungary
Tier 2,Iceland
Tier 2,Ireland
Tier 2,Japan
Tier 2,Jordan
Tier 2,Latvia
Tier 2,Liechtenstein
Tier 2,Lithuania
Tier 2,Netherlands
Tier 2,New Zealand
Tier 2,Norway
Tier 2,Poland
Tier 2,Portugal
Tier 2,Romania
Tier 2,Saudi Arabia
Tier 2,Serbia
Tier 2,Singapore
Tier 2,Slovakia
Tier 2,Slovenia
Tier 2,South Korea
Tier 2,Sweden
Tier 2,Switzerland
Tier 2,United Arab Emirates
Tier 3,Albania
Tier 3,Algeria
Tier 3,Argentina
Tier 3,Armenia
Tier 3,Azerbaijan
Tier 3,Bahrain
Tier 3,Bangladesh
Tier 3,Belarus
Tier 3,Bolivia
Tier 3,Bosnia and Herzegovina
Tier 3,Brazil
Tier 3,Brunei
Tier 3,Bulgaria
Tier 3,Cambodia
Tier 3,Cayman Islands
Tier 3,Chile
Tier 3,China
Tier 3,Colombia
Tier 3,Costa Rica
Tier 3,Dominican Republic
Tier 3,Ecuador
Tier 3,Egypt
Tier 3,El Salvador
Tier 3,French Polynesia
Tier 3,Georgia
Tier 3,Ghana
Tier 3,Greenland
Tier 3,Guam
Tier 3,Guatemala
Tier 3,Guernsey
Tier 3,Honduras
Tier 3,Hong Kong
Tier 3,India
Tier 3,Indonesia
Tier 3,Iraq
Tier 3,Isle of Man
Tier 3,Israel
Tier 3,Jamaica
Tier 3,Jersey
Tier 3,Kazakhstan
Tier 3,Kosovo
Tier 3,Kuwait
Tier 3,Kyrgyzstan
Tier 3,Laos
Tier 3,Lebanon
Tier 3,Libya
Tier 3,Luxembourg
Tier 3,Macao
Tier 3,Malaysia
Tier 3,Malta
Tier 3,Martinique
Tier 3,Mauritius
Tier 3,Mexico
Tier 3,Moldova
Tier 3,Monaco
Tier 3,Mongolia
Tier 3,Montenegro
Tier 3,Morocco
Tier 3,Mozambique
Tier 3,Myanmar (Burma)
Tier 3,Nepal
Tier 3,New Caledonia
Tier 3,Nicaragua
Tier 3,Nigeria
Tier 3,North Macedonia
Tier 3,Oman
Tier 3,Pakistan
Tier 3,Palestine
Tier 3,Panama
Tier 3,Paraguay
Tier 3,Peru
Tier 3,Philippines
Tier 3,Puerto Rico
Tier 3,Qatar
Tier 3,South Africa
Tier 3,Sri Lanka
Tier 3,Syria
Tier 3,Taiwan
Tier 3,Tajikistan
Tier 3,Tanzania
Tier 3,Thailand
Tier 3,Tunisia
Tier 3,Turkiye
Tier 3,Turkmenistan
Tier 3,Ukraine
Tier 3,Uruguay
Tier 3,Uzbekistan
Tier 3,Venezuela
Tier 3,Vietnam
Tier 3,Zambia